37410	424.5	179	15.67	66.5	132.5	78	144.5
37411	421.5	174	15.02	65.5	127.5	79	145
37412	421.5	173	15.38	66	131.5	79	144.5
37413	406.5	172.5	14.59	65.5	129	77.5	144
37414	402	172	13.87	65	121	79	141.5
37417	418	171.5	14.08	65	122.5	78.5	142
37418	414.5	171	13.29	67	129.5	78.5	140
37419	404.5	176.5	12.13	67	122	79	138.5
37420	393	180.5	12.49	67	121	78	139.5
37421	394	176	13	63.5	120.5	77	137
37424	410	178.5	12.57	63	126.5	76.5	136
37425	403	184.5	12.49	62	126	76.5	135.5
37426	396	185	12.35	62.5	122	78.5	133
37427	379.5	176	11.12	62	122	74.5	127
37431	369.5	171.5	10.11	61.5	112	74.5	128
37432	383	176	10.47	61	116.5	73.5	132
37433	383.5	173	9.75	60	120.5	76	131
37434	378	177	9.75	58.5	124	76.5	131.5
37435	382	185.5	10.04	60.5	133.5	76	135.5
37438	378	185.5	10.91	60.5	131.5	78	135
37439	360	185.5	10.76	59.5	125.5	78	135
37440	349	179	10.62	60	125.5	78	130.5
37441	351.5	181.5	11.27	60	132.5	77	131
37442	374	183.5	12.42	60.5	142	77	134
37445	376	182.5	11.92	62	140.5	77	134
37446	384	184.5	11.63	62	138	77	132
37447	362	181.5	11.41	61.5	131.5	76.5	130.5
37448	346.5	169.5	10.54	61.5	129.5	75.5	125.5
37449	344	168	10.54	60	129.5	75	125
37452	324	164	9.89	58	121.5	72.5	123.5
37453	330	161	9.97	57	126	68.5	124.5
37454	339.5	160.5	10.83	56	134	68	126
37455	343.5	177	10.47	58.5	128	71.5	124
37456	324	171.5	8.59	56	120.5	70	121.5
37459	312	165.5	8.67	51	117	68	112.5
37460	304.5	157	8.02	49.3	110.5	69	109.5
37461	301.5	157.5	7.37	45.7	108	68	108.5
37462	308	159	6.93	45.8	107	67.5	116
37463	321.5	150.5	5.99	44.5	108	68	108
37466	349.5	167.5	6.5	47	117	69	117.5
37467	339.5	167.5	6.72	50	117	70	119
37468	343	175.5	6.93	50.5	118	72	123.5
37469	339.5	167.5	7.15	49	110.5	70	119
37470	360.5	165.5	6.72	46.9	109.5	71.5	113.5
37473	353	154	5.56	45.2	103	69	110.5
37474	333.5	156.5	5.49	47.2	109	71.5	114
37475	324.5	163.5	5.63	48.2	110	72.5	113
37476	343.5	164	6.17	49.6	116.5	75.5	115.5
37477	351	166.5	6	50	123.5	73.5	113.5
37480	351	169	6.1	49	122	74	114.5
37481	345.5	167	6.6	49.5	121.5	74	115
37482	335	166	5.9	49.9	113.5	76.5	114
37483	342.5	169	5.5	49.9	122.5	77.5	119.5
37484	344.5	170	5.3	47.4	126.5	75.5	119.5
37487	304	173	5.25	47	133.5	76	125.5
37488	282	172.5	5.85	47.4	131	76.5	126
37489	282.5	173	7	50	133.5	74	128.5
37490	284	175.5	8.75	50.5	139.5	71	132.5
37491	285	169.5	7.3	50	134	71.5	130.5
37494	287	165.5	6.7	51.5	129.5	73	129
37495	283	169.5	6.5	53.5	134	73	129.5
37496	276	166.5	6.5	53	124.5	74	127.5
37497	270.5	160	7.05	51.5	123	76	124.5
37498	269.5	161.5	7.15	48	125.5	76	127.5
37501	277.5	161	6.75	49.5	122.5	75.5	125
37502	279	154	6.3	48.5	117.5	75.5	121.5
37503	282	154	6.4	48.5	119.5	76	121.5
37504	286.5	150	6.15	48.5	124	74.5	119.5
37505	295	157	6.75	47.7	130.5	75	124.5
37508	294.5	155.5	6.35	48.5	129.5	75	123
37509	301	163	5.95	47.4	129.5	75.5	124
37510	304	168	6.55	47.8	138	75.5	127.5
37511	296	159.5	6.15	46.5	132.5	73	124.5
37512	290	156.5	5.8	46.2	129.5	73	124.5
37515	288.5	159	5.4	45.5	125.5	74.5	125
37516	287	164	4.99	45.4	124.5	74	122.5
37517	281.5	159	4.8	43.7	117.5	75	116.5
37518	273.5	156.5	4.75	40.9	117	75	118.5
37519	280	153	4.61	40.6	118.5	75	118.5
37522	266	150.5	4.3	35.6	115	75	115.5
37523	261	142	4.22	34.5	113	74	115
37524	275	140	4.1	35.7	119.5	75	115
37525	288.5	148	4.12	36.5	132	73.5	118.5
37526	295.5	148.5	3.92	36.1	132.5	74	118
37529	276	140	3.37	36	122.5	70	111.5
37530	290	144	3.6	34.1	124.5	70.5	112.5
37531	306.5	138.5	4.23	34.6	131.5	70	113.5
37532	307	128	4.3	34.1	129.5	68.5	113.5
37533	297	130.5	4.12	32.2	122	68.5	108
37536	293	120.5	3.81	31.6	121	67.5	103.5
37537	282.5	123.5	3.7	31.9	121	69	99.5
37538	288	125	3.65	32.4	122	64	97
37539	288	134	3.92	34.6	128	66	101
37540	295.5	139.5	4.45	36	132.5	64.5	111
37543	333.5	142.5	4.24	38.8	131.5	63	106
37544	337.5	158	4.82	37.6	143	65	115
37545	326.5	153	4.4	38.2	136	64.5	113
37546	348	158.5	4.96	38.4	151	65	108.5
37547	347	157	5.7	38.1	152.5	67.5	106.5
37550	337	157.5	6.2	38	151	67.5	111
37551	336.5	142	6.05	38.2	153	71	110.5
37552	338.5	137.5	5.65	37.8	148	72	104
37553	340.5	142.5	6.35	36.3	154	68.5	106
37554	341	140	6.6	36.8	154	71	103.5
37557	339	138.5	7.4	40.6	157.5	71	108
37558	333	133.5	6.85	38.8	148.5	67.5	106
37559	336	140	7.35	42	154	69	108
37560	340	139	7.4	46	155	66	111
37561	327.5	134.5	7.25	49.4	151	67	112
37564	326	144.5	8.4	50.5	161.5	63.5	113.5
37565	322	144.5	8.45	49.5	165	64	120.5
37566	327	139	8.05	49	157.5	64.5	118.5
37567	335	136.5	7.6	50	153	66	115
37568	352	134	7.8	50	149	65	114.5
37571	349	133.5	7.9	48	144.5	65.5	116
37572	356	134	8.7	47.7	148	68	116.5
37573	357.5	134	8.75	47.5	155	65	115
37574	356	141.5	9.5	48.7	161.5	63	117
37575	356	141.5	8.9	48.8	161.5	63.5	117.5
37578	361.5	144.5	9.35	50	165.5	63.5	116
37579	357	138	9	49.5	160	62	114.5
37580	353	141.5	9.15	49.8	162.5	61	115
37581	358	152.5	9.9	53.5	172	63.5	118
37582	354	152.5	10	53.5	171.5	61	123.5
37585	345	154.5	9.7	51	173	60	123
37586	346	154	8.8	50	170	63.5	121
37587	351	159.5	9.35	51	176.5	65.5	123.5
37588	348.5	163	9.35	54.5	180	64	125
37589	345	162	8.85	55.5	175	61.5	122.5
37592	342.5	163.5	8.75	54.5	179.5	61	121
37593	346	158.5	8.25	50	169	62.5	116.5
37594	342.5	161	8	50	170.5	64	119.5
37595	334	160	8.15	52	165	65.5	118.5
37596	329.5	157.5	8.4	50	169.5	64.5	118
37599	326.5	154	8.45	49.5	162.5	65.5	117
37600	320	155	8.25	47.3	157	66.5	117.5
37601	328.5	155.5	8.05	46.1	155	66.5	117.5
37602	328.5	150.5	7.45	48.2	154.5	66.5	116.5
37603	328.5	150	7.7	48	152.5	68.5	116
37606	326	149	7.7	48.2	157.5	67.5	116
37607	317.5	135	7.25	46.3	154	68.5	113.5
37608	310.5	135.5	6.8	42.9	145	65	112.5
37609	315.5	140	6.65	44.4	144	67.5	114.5
37610	316	140	6.75	49.1	144.5	67.5	113
37613	323	140	6.75	48	144.5	67.5	113
37617	310.5	136.5	6.15	47.8	138	68	111
37620	306	137.5	6.1	48.4	138	68.5	111
37623	304.5	143	6.75	47.9	146.5	69.5	116
37624	305.5	140.5	6.8	48.2	147	68.5	115.5
37628	296	136.5	7.3	50	146	66.5	117.5
37629	289.5	134	7.05	48.8	137	64.5	113
37630	284	135	7.25	47.9	143.5	64.5	113
37631	293.5	134	7.75	48.4	143	63	113.5
37634	289	133	7.8	49	141.5	64	115.5
37635	290	131	8.7	49.9	145.5	65.5	115.5
37636	290.5	133	8.45	49.7	142	64.5	116.5
37637	291	136	8.35	50	135.5	64	115.5
37638	289	131.5	7.75	49.9	130.5	63	111.5
37641	286	135	7.6	51	129	64	113.5
37642	283.5	131	7.45	49.8	129.5	63	113
37643	277	131.5	7.4	48.8	130	62.5	113
37644	271	132	7.25	50.5	123.5	61.5	111
37645	265.5	132.5	7.25	51.5	125	61.5	109.5
37648	256	129	6.75	50.5	119	61.5	107.5
37649	255	125.5	6.6	50	118	61	103.5
37650	266	126	6.8	49.3	122.5	59	100
37651	291	131.5	7.2	49.9	125.5	59.5	101.5
37652	292	125.5	7.25	46.8	122	62	104
37655	292	131.5	6.4	48.2	124	62.5	106
37656	285	128.5	5.6	48.8	120	63.5	103.5
37657	288	135	5.9	49.4	121.5	62.5	103.5
37658	284	134	6.15	46.2	117	61.5	105.5
37659	283	130.5	6.35	45.5	116	61.5	103
37662	285	128	6.1	44.1	115.5	59.5	98.5
37663	293	133.5	6.35	45	122.5	60	103.5
37664	291.5	138.5	6.35	46.3	118.5	60	102.5
37665	282.5	143.5	6.05	42.1	114.5	60.5	105.5
37666	288	144.5	6.1	40.2	116	60.5	108
37669	291	145	6.55	40.5	121	62.5	110
37670	298	146	6.5	38.9	123	63	110.5
37671	290.5	144.5	6.4	37.9	118.5	63	113.5
37672	287	146	6.15	37.9	116	63	113
37673	291.5	144	5.95	37.8	116	63	113
37676	285	142.5	5.85	38.3	117	62	112.5
37677	274.5	140	5.5	36.3	110.5	62	110
37678	271.5	139.5	5.5	36.6	108	62	109.5
37679	265.5	144.5	5.5	36.3	109.5	63	109.5
37680	272	147.5	5.55	35.5	113.5	64	112.5
37683	279	147.5	5.6	36	114.5	64.5	111
37684	276.5	144	5.35	35.9	110.5	65	110.5
37685	272.5	137	5.15	36.6	111.5	65.5	110.5
37686	272.5	137	4.99	35.8	111.5	66	109.5
37687	268.5	135	5	34.2	106	65.5	110
37690	263	135	4.84	32.9	106	65	109
37691	257.5	135.5	4.4	33.5	107.5	66.5	109
37692	249	129.5	4.64	32.4	111.5	66	106
37693	263.5	132.5	5	33.4	117.5	67.5	110
37694	270.5	137.5	5.6	34.9	124	64.5	113.5
37697	285	141.5	6.3	34.8	129.5	64.5	117.5
37698	282.5	146	5.95	35.4	130	62.5	117
37699	294.5	145	6.05	35.7	130.5	64	120
37700	299	147.5	6.1	36.6	130	65	118
37701	306.5	148	6.3	36.8	135	65	120
37704	300	144.5	6	36.4	129	64.5	118
37705	304	145	6.05	35.8	130.5	64.5	118
37706	309	145	6.05	35.6	127.5	64.5	118.5
37707	301.5	140.5	5.8	35.4	128	63	116.5
37708	296	138.5	5.9	35.6	126	64	115.5
37711	289	134.5	5.3	35.4	118.5	63	115.5
37712	295.5	134	5.45	37.3	121	63.5	117
37713	307	138.5	5.75	40.2	128.5	64	119
37714	292.5	138	5.85	40.9	129	64	122
37715	297.5	137.5	6	42.3	128.5	64	122.5
37718	312.5	144.5	6.5	43.6	134.5	64.5	126
37719	308.5	144	6.15	43.8	129	63.5	125.5
37720	305	143.5	6.15	42.9	128	63.5	125
37721	296	139.5	5.9	42	122	64	124.5
37722	292	141	5.65	41.5	123	64.5	125
37725	297.5	141	5.65	42	124	65	125.5
37726	302.5	145	5.85	42.4	127.5	64.5	129.5
37727	293	143.5	5.95	42.4	125.5	63	128
37728	292	140	6.05	42.8	135	62.5	127.5
37733	295	144.5	6	43.1	137	64	127
37734	305.5	140	6.2	43.9	140	63.5	127.5
37735	309.5	143.5	6.1	43	136	63	128.5
37736	313	144.5	6	45.8	133	60.5	128.5
37739	321.5	149.5	6.2	45.8	137.5	60.5	132
37740	312	152.5	7.25	46.6	137.5	61	132.5
37741	324	153.5	7.45	46.2	138	60.5	125.5
37743	328.5	149.5	7.8	48.3	134	59	125
37746	338.5	153	7.9	48.2	136.5	58	126
37747	333	154	7.9	47.3	137	59	129
37748	326	152.5	7.6	47.4	137.5	59	126.5
37749	320	149.5	7.15	47.2	133.5	58	124.5
37750	320.5	150.5	7.45	46.9	134	57	126
37753	325.5	151.5	7.6	46.8	137	58	128.5
37754	331	153	7.8	46.3	140	60.5	130.5
37755	337	151.5	7.7	46.1	138	60	129
37756	341.5	148.5	7.9	45.8	141	60.5	129
37757	346.5	146.5	8.1	45.7	140	60.5	128
37760	331.5	142	7.65	45.4	133.5	60.5	127
37761	324.5	144	7.3	44.9	131	61.5	126.5
37762	315.5	141.5	7.3	44.2	127.5	62.5	123.5
37763	321	144	7.45	44.4	132	63	124.5
37764	315.5	145.5	7.55	44.1	130	62.5	128.5
37767	318	146	7.45	44	129	62.5	125.5
37768	320.5	145	7.6	44.6	129.5	63	126.5
37769	323.5	148	7.9	44.6	137	62.5	128
37771	318	148	8	45	139.5	62.5	128
37774	321.5	152.5	8.2	45.2	142.5	62	129
37775	321	152.5	7.8	45.3	140.5	61.5	128
37776	325.5	151.5	7.95	45.4	139.5	60.5	127.5
37777	330	150	7.75	45.5	136	61	129
37778	350	151	8.35	46.3	140.5	59.5	130.5
37782	344.5	150.5	8.75	45.9	136.5	59	128
37783	345.5	152	8.95	46.8	137	60.5	129
37784	344	157.5	9.15	46.2	134.5	61	128
37785	338.5	154.5	8.7	45.8	131	60.5	127
37788	342	155	8.6	46.7	133.5	60	128
37789	346.5	157	8.85	48.1	135	61.5	129.5
37790	353.5	157	9	49.1	136.5	61	130
37791	341	155.5	8.85	49.2	138	60	129.5
37795	333	151	8.65	49.9	134.5	60.5	128
37796	333.5	150.5	8.35	49.3	134	61	127
37797	332.5	153.5	8.55	50	135	61.5	127
37798	329.5	156	8.3	51	136	61	126.5
37799	331.5	158	8.6	52	136	61.5	128
37802	324.5	158	8.6	53	131	60.5	126
37803	317.5	153.5	8.35	51	129.5	61.5	125
37804	324.5	159.5	8.45	51.5	132	60.5	124
37805	337	161	8.6	54	132	60	126
37806	336.5	158.5	8.75	55	130.5	59	127
37809	346	166	9.15	55.5	137	60.5	126
37810	332.5	167	9.2	58	138	60	127
37811	327.5	164	9.05	56.5	144	59.5	125
37812	337	162.5	8.75	56	145.5	60	125
37813	338.5	163.5	8.8	52.5	143	60.5	125
37816	339.5	166	9.2	53.5	145	60.5	127
37817	324	170	9.75	53	144	60.5	130
37818	325	171.5	9.5	52.5	143.5	58.5	128
37819	324	177.5	8.75	51.5	122.5	59	126.5
37820	322.5	170	10.1	52	121.5	59	125.5
37823	317.5	167.5	10.5	52.5	118	58	124.5
37824	320.5	167.5	10.3	52	120	57	125
37825	321.5	168	10.4	51.5	119.5	58	123
37826	329	172	10.8	52	122.5	56	124.5
37827	326.5	171.5	10.9	53	120.5	56.5	123.5
37830	323.5	171	11.5	54	124	56	124
37831	323.5	168	11.2	52.5	123.5	55	125
37832	328	169.5	11.3	53	124.5	55.5	126
37833	331.5	170	11.8	53	126.5	56.5	126.5
37834	326.5	172.5	11.6	52.5	122	57	126.5
37837	317.5	172	11.7	52	120	57	124.5
37838	320	173.5	11.9	53	119.5	55	125
37839	314	169.5	11.2	52	114	54.5	122.5
37840	321.5	168.5	11.3	53	115.5	56.5	124
37841	328	168	11.4	55	115.5	57	125.5
37844	326	167	11.2	54.5	118	57	126.5
37845	330.5	170	11.5	56	119	57	129.5
37846	337	169.5	11.8	57	120	56.5	130
37847	345.5	170.5	11.8	57.5	121	56.5	129
37848	342	171.5	11.7	56.5	120	57.5	127
37851	345.5	178.5	12.2	58.5	122	57.5	127
37852	345	183.5	12.8	59.5	127.5	56.5	130.5
37853	335	179.5	12.5	58	128.5	56.5	133.5
37854	330	179.5	13	57	130	59	134.5
37855	327	179	13	58	132	58.5	133.5
37858	327.5	177	12.7	57.5	130.5	58.5	132.5
37859	333	175.5	12.7	54.5	131.5	58.5	129
37860	340	181	12.9	56	136	58	129
37861	343	186	13.1	55	137.5	57.5	129
37862	332	186.5	12.8	56	137	56.5	127.5
37865	333.5	188	12.9	57	137.5	58	131
37866	335	188	13	58	137	57	130.5
37867	342.5	191	13.4	59	140.5	58	131
37868	346	190.5	13.8	57.5	139.5	59	130.5
37869	351.5	189	14.1	57.5	137.5	60.5	129.5
37872	351.5	186.5	14.3	57	139	61.5	129
37873	351	185	14.1	58.5	132	61	128
37874	353	185	13.4	58.5	126	61	128
37875	349.5	189.5	13.2	59	124.5	59.5	129
37876	347	186.5	13.4	59	125.5	60	128
37879	345	185.5	13.1	59.5	126.5	60	131.5
37880	347	186	13.2	59	127	60.5	134
37881	347.5	183	13.3	58	125.5	60	134.5
37882	349	183.5	13.2	57	127	61	133
37883	349.5	182	12.7	56	126	62	134
37886	343	176.5	12.3	54.5	123	60.5	130.5
37887	341	177.5	12.1	53.5	120.5	61	130
37888	333	177	11.7	53.5	119	60	129
37889	332	172	11.5	53	118	60.5	127
37890	336	173.5	11.6	53.5	119.5	60.5	127
37893	331.5	171.5	11.5	52	121	60	126.5
37894	332	168.5	11.3	52.5	120.5	59	127
37895	337	169.5	11.3	53.5	122.5	60.5	130.5
37896	337.5	167	11.5	54.5	125	60.5	128.5
37897	354.5	175.5	12.2	56	130.5	60.5	131.5
37900	349	175	12.5	55	129	60	131.5
37901	342.5	175	12.8	54.5	128	60	130
37902	340	176.5	13.1	56	128	59.5	130
37903	347	177	13.3	56	132	60	131
37904	344.5	174.5	13.1	55.5	131	58.5	129.5
37907	348.5	175	13.8	55.5	133	58.5	131.5
37908	349.5	176.5	13.8	55.5	131	59	131
37909	351.5	182	14.2	56	132	59	133
37910	353.5	182	13.6	55	127.5	59	133
37911	363	179.5	13.8	54	131.5	59	132
37914	366	178.5	13.6	54.5	131	59.5	134.5
37915	364.5	164	13.5	53.5	132.5	59.5	130.5
37916	357.5	159	13.1	53	129.5	58.5	129
37917	373	162.5	12.8	52	128.5	64	130
37918	373	162	13.4	57	129.5	64.5	129
37921	379	164	13.4	57.5	130	64	131
37922	378.5	161.5	13.7	59	131	65	133
37923	375.5	163	13.9	59	132	64	131.5
37924	377	161	13.5	59.5	132	64	133.5
37925	370.5	160	13.4	58.5	132.5	63.5	132.5
37928	372	163.5	13.2	58	135.5	64	134.5
37929	366.5	161	13.1	59	134.5	66	135
37930	365	160	12.5	59.5	133.5	66.5	133.5
37931	366	163	12.9	60	136	67	133.5
37932	365	165	12.8	61.5	138	67.5	135
37935	354	164.5	12.5	60.5	135	67.5	136
37936	359.5	162.5	12.1	59.5	134	68	135.5
37937	357	163.5	12.7	59.5	136	68.5	133.5
37938	362	164.5	12.9	60	137	68	136
37939	369	165.5	13.2	60	136.5	68.5	138
37942	362	163.5	12.5	59	132.5	70	137
37943	363.5	161.5	12.4	59.5	134	68.5	138
37944	353.5	157	12.1	59	132	67.5	137
37945	352	154	12	59.5	133	67.5	135.5
37946	348	154.5	11.9	58.5	133.5	67.5	132
37949	352	155	12.3	61	138	70	135
37950	350.5	157	12.3	61.5	136	70.5	136
37951	347.5	159	12.2	61	136	69	132.5
37952	348.5	159	12.4	62.5	136.5	69.5	134.5
37953	347.5	159	12.2	62.5	136	68	134.5
37956	347.5	160.5	12.4	62.5	136	69.5	136
37957	342.5	157.5	12.5	62	135.5	68.5	136.5
37958	345	161	12.5	61.5	134.5	68	137
37959	345	162	12.8	62	137	69.5	138
37960	342.5	160.5	12.4	62	134	69	138
37963	337.5	157.5	12.1	59.5	130.5	70	137.5
37964	336.5	155.5	11.8	61	129	71.5	138.5
37965	338	155.5	11.7	61	129	71.5	137.5
37966	339.5	157	11.9	62	129.5	71.5	138
37967	332.5	156	12	62.5	129	71.5	140
37970	332.5	156.5	12.2	62.5	130	73	141
37971	335	153.5	11.8	60	128	72	140.5
37972	330	152	11.6	60	125	71.5	137.5
37973	341.5	156	12.1	60	126	71.5	137
37974	343.5	155	12.3	58.5	127.5	72	138
37977	344.5	154.5	12.2	60	125	74	138
37978	348.5	156.5	12.4	60.5	125.5	74.5	140.5
37984	352	158	13	59.5	123.5	74	143
37985	350.5	158	12.9	59.5	124.5	73.5	142.5
37988	353	161	13.1	60	124.5	75	144.5
37991	347.5	159	13.1	60	125	73	144
37993	345.5	158.5	13	61.5	128	71.5	140.5
37994	344	159.5	14.8	60.5	145.5	71	139
37995	344.5	160	15.6	60.5	147.5	70	138
37998	342	160	16.1	60	149	71.5	138.5
37999	340.5	165	16	60.5	148.5	71	138
38000	340	171.5	15.8	60.5	152.5	70.5	137.5
38001	336.5	168	15.8	60.5	150.5	70.5	140
38002	344	169.5	16.7	60	153.5	70.5	140
38005	347	172.5	17.1	62	154.5	69	138
38006	345	169.5	16.6	61.5	153	69	139
38007	347.5	167.5	16.2	61.5	149	71	139
38008	357	170	16	63.5	152.5	71.5	141
38009	352.5	170	16	63	154.5	71	141
38012	357	172.5	16	64.5	154	72.5	140
38013	353.5	169	16.4	65	154.5	70.5	140.5
38014	362.5	170	16.1	64.5	153.5	71	140.5
38015	356	169	15.5	63.5	151	72	139.5
38016	356.5	171.5	16.5	65.5	152.5	71.5	139
38019	357.5	170.5	16.5	66	154	70	137
38020	355	168	16.4	65.5	153.5	71	137.5
38021	360	167	16.5	65.5	151	73	137
38022	359.5	167.5	17	63.5	150	72.5	136.5
38023	355	169	19	64	152	72	136.5
38026	358.5	169.5	19.8	64	155	72.5	138
38027	359	172.5	20.9	60.5	158.5	73.5	137.5
38028	352	174.5	21.1	60.5	161	71.5	139.5
38029	348.5	161.5	20.6	59	161.5	69	137
38030	353	158.5	20.1	59	159	70	137.5
38033	353	158	20.8	60	160.5	70.5	138
38034	354	158	20.5	60.5	162.5	70.5	141
38035	348.5	160	21	60.5	163.5	71	139
38036	350	162	21	61	165	71.5	139
38037	351.5	160	20.4	59.5	163	71	138
38040	351	158.5	20.9	60	166.5	70.5	139
38041	349.5	158	20.2	59	161.5	70.5	139
38042	358	158	20.6	59	162	70.5	138.5
38043	357	157	21.2	61	163.5	69.5	140.5
38044	357	157	21.7	62	163	71	139
38047	363	158.5	21.6	62.5	163.5	72.5	139
38048	368.5	159.5	22.2	61	167.5	72.5	139.5
38049	367	161	23	61.5	168	73	138.5
38050	371	160.5	22.6	60.5	170.5	73	138
38051	364.5	159	22.9	61	171.5	72	138
38054	369	159.5	23.1	59.5	173	73	138
38055	372	158	22	59.5	167.5	72.5	138
38056	374	157.5	21.6	58.5	166	73.5	139.5
38057	363	153.5	20.3	58	160	72.5	136.5
38058	367	156	20.7	58.5	161.5	71.5	138
38061	364.5	154	20.7	59	155.5	73	137.5
38062	366.5	154	20.6	59	157.5	73	136.5
38063	364.5	157.5	21.3	60	161.5	73.5	138
38064	360.5	154.5	20.4	58.5	154.5	73	138.5
38065	363.5	154	20.5	57.5	153.5	72	139.5
38068	354.5	152	19.2	56.5	147.5	72	138.5
38069	353.5	153	19.4	56.5	147	72.5	139
38070	355	151	19.4	57.5	149	72.5	137.5
38071	350.5	152.5	20.2	57	152.5	73	139
38072	351.5	152	20.1	55.5	151	72	140
38075	356.5	154.5	21.2	55	153.5	72.5	140.5
38076	355.5	152.5	21	55	151	74	140.5
38077	353.5	154	20.9	56.5	153	77	141.5
38078	357.5	156.5	22.3	58	155.5	78.5	141
38079	358.5	158.5	22.9	57	159.5	77.5	141.5
38082	359	160	23.4	56.5	160.5	79.5	142.5
38083	365	160	23.3	57.5	133	78.5	142.5
38084	366.5	159.5	23.5	58	128	79.5	143
38085	363	156.5	23.4	58.5	128.5	80.5	143
38090	365.5	158	23.3	58.5	129.5	81.5	145
38091	363	158	22.8	57.5	127.5	81	144.5
38092	370	157.5	22.9	60	124	80	144
38093	373	159	22.8	61	114	81.5	144.5
38096	367.5	160	23.3	60	116	80	145
38097	364.5	159.5	24.1	60.5	117	81	148
38098	363	160	23.6	63	115	80.5	146.5
38099	367	155.5	24.3	63.5	117	81	149
38100	365.5	156	22.7	65	116.5	81	147.5
38103	363.5	151	21.9	64.5	116.5	81.5	152.5
38104	363.5	152.5	22	65	115	79	155.5
38105	356.5	152.5	21.3	65	112.5	77	149.5
38106	356	151.5	21.2	66	110.5	77	147
38107	362	151	20.7	66.5	108	77	146
38110	364	152.5	21.1	68.5	108.5	77.5	146
38111	366.5	153	20.8	68.5	106.5	78	146
38112	366	153.5	21.7	68	108	78.5	148
38113	363	149	21.2	67	106.5	78	143
38114	365	148	21.2	67	107.5	79	145
38117	362.5	144	19.9	66	104.5	76.75	139.5
38118	364	146	20.3	66.25	106.5	76.75	141.5
38119	362.5	142.5	19.5	66	103.5	76.75	139
38120	367	146	20.3	67.5	104	78.5	143.5
38121	364.5	145.5	20.1	67	102	79.25	143.5
38124	358	144	19.3	65	101	78.5	142
38125	362	145	19.4	65.25	101.5	77.25	142.5
38126	357	148	20.4	66.75	103	79.25	142
38128	350	146.5	20.2	66.5	99	78.25	141.5
38131	351	148	20.4	66.25	99.5	77.5	143.5
38132	355	145.5	19.8	66.75	99	77.5	142.5
38133	353	146	20.3	66.75	100	77.75	142
38134	354	147	20.7	66.75	101.5	78	143.5
38135	350.5	148.5	20.8	66.25	101.5	78.75	142.5
38139	348.5	148	20.3	67.5	101	78.5	142.5
38140	351.5	148.5	20.5	68.75	101.5	79	143.5
38141	353.5	149.5	20.5	70	102	78.75	144
38142	356	146.5	21.2	69.5	104	79.25	145
38145	354.5	148	21.9	70	107	79.5	147
38146	357.5	146	22	70	106.5	80	148.5
38147	359	147.5	21.6	69.5	107	78.5	148
38148	357.5	145.5	21.5	69.75	107	77.5	149.5
38149	357	146	21.3	70.25	109	76.5	149.5
38152	352.5	144	20.8	70.5	107.5	77	149.5
38153	356	144	21.2	72.75	108	77.25	148.5
38154	360	144.5	21.3	73	107	77.5	148.5
38155	358.5	144	21.1	72	106.5	78	147.5
38156	358.5	142.5	20.6	72.5	107	78	148
38159	358	142.5	20.5	72.5	107.5	77.25	147.5
38160	354.5	142	20.4	71.5	105.5	76.5	147.5
38161	360	142	21.5	72.5	106.5	76.75	148
38162	353	144	22.2	72.5	107.5	77.75	149.5
38166	345.5	144	22.3	73	107.5	77.5	150.5
38167	345.5	144.5	22.2	72.75	106	77	150.5
38168	342	144.5	22.2	72.5	108	77	150
38169	340	144	22.4	75	110	76.5	148
38170	341	141.5	22	74.5	109	77	148
38173	340	141.5	21.8	74.25	108.5	77	147.5
38174	338	141.5	21.5	74.25	106	75.75	146.5
38175	330	142.5	21.6	74.75	105	77	145
38176	334.5	142.5	21.4	75.25	106.5	78.5	145.5
38177	327	142	20.9	76.5	108	78	145
38180	322.5	142	20.2	76.75	106.5	77.5	142
38181	328	144.5	20.3	76.75	106	77.75	145
38182	328.5	143	21	76.5	105	77	143
38183	322	141	19.6	75.75	91.5	78	142.5
38184	319.5	138	20.1	76	90.5	79.75	145
38187	319	137	19.6	75.75	89	78	143.5
38188	328	134	19.7	75.75	90.75	77.25	142.5
38189	331	133.5	21.3	83.5	91.5	76.25	143.5
38190	332	133	20.4	82.5	88.75	74.5	140.5
38191	338.5	132	20.4	82.5	89.5	72.75	140.5
38194	334	131.5	19.4	81.75	88	73	140.5
38195	338	132.5	20.3	82.5	89	74.75	140
38196	339.5	132.5	20.1	81.75	86.5	73.5	139
38197	341.5	134	20.6	80	88.5	74.25	140.5
38198	346	134	20.7	79.5	88.25	75	141.5
38201	346	133.5	20.3	80.75	87.75	75	141.5
38202	344	132.5	20.2	81	88.25	74.25	141
38203	344	131.5	19.8	79.5	87	75	140.5
38204	341.5	131.5	20.2	81	87.25	75.75	141
38205	332	131.5	19.2	80	84.25	75	139
38208	333.5	129	18.9	79	83.75	74	139
38209	332	130.5	19.3	78.5	84.75	74.25	140
38210	328.5	130	18.4	78.25	84	74.5	139
38211	334	130	17.7	78	83.25	74.5	139.5
38212	332.5	130	18.1	77.75	82.75	74	138
38215	333	132	18.5	76.75	86	74.5	138
38216	329	133	19.1	77.75	86.75	74	137
38217	329.5	133	19.4	77.75	87.25	74	140
38218	330.5	131.5	19.7	77.5	88	74.25	139.5
38219	332	131.5	19.6	77.5	87.25	74.5	141.5
38222	338	134.5	20.5	77.75	88.5	74.25	142
38223	336.5	135.5	20.1	78.25	88	74.5	141
38224	338	137.5	20.4	78.25	88.5	74.75	142
38225	341	140	20.3	78.5	89.25	75.5	143
38226	347	137.5	20.4	77.75	89.5	75.5	144
38229	345.5	138	20.6	78.5	89	75.25	143.5
38230	347	137.5	20.2	79.25	88.25	76	144
38231	344.5	138	20.8	81	88.75	75	147
38232	345	138.5	20.8	80.5	91.5	76	148
38233	354	139.5	20.3	80.5	93	76.75	149.5
38236	359.5	141	20.2	80.5	94	77.75	148.5
38237	354	142	19.9	79.5	94.5	74.5	150
38238	352.5	142	19.7	79	95.5	75.5	150
38239	337	142.5	19.8	78.5	101.5	74.75	149.5
38240	334.5	141.5	20.4	78.75	101	75	148.5
38243	312	144	21.5	79.75	103.5	75	151
38244	314	142.5	21.2	79.5	102	74.75	150.5
38245	315	141	21.3	79	102.5	74.5	148.5
38246	313.5	142.5	21.3	79.25	103	74.5	149
38247	313.5	142.5	21.6	79.25	104	74.25	149
38250	310	141.5	21.5	78.25	104	74.5	147.5
38251	313	142.5	21.5	78.25	104	73.25	147.5
38252	314	142.5	22	78.25	102.5	74.25	147.5
38253	311.5	131	22.4	77.5	101.5	74	147
38254	312	130.5	22.4	79.25	101.5	73.75	147
38257	308.5	131.5	22.1	80	100.5	73	146
38258	307	131.5	22.1	79.75	99.5	74.25	146.5
38259	302.5	134	23	81.75	100.5	76.75	151.5
38260	301	133	22.6	81.75	100.5	77	151.5
38261	300.5	134	23.2	82	103.5	79.5	153
38264	301.5	133	23.6	81.5	106	77.75	155
38265	299.5	131.5	23.5	81.25	105.5	77	155.5
38266	289.5	131.5	23.3	80.5	105	76	155.5
38267	283.5	132.5	23.4	79.75	105.5	75.75	155
38268	285	134	23.1	79.75	103.5	76.25	155
38271	287.5	134	23	79.5	102	76.5	155
38272	286	132	22.8	79	100.5	76.5	153.5
38273	284.5	131.5	23.5	79	103.5	77	154.5
38274	280.5	131.5	22.9	78	105	76.75	155
38275	277.5	127.5	23	77.25	107.5	76.5	153.5
38278	279.5	126.5	23	76.25	106.5	77	154
38279	285.5	129.5	23.6	77	110	77	153.5
38280	284.5	130.5	23	76	107.5	77	153.5
38281	291	129	22.5	81	107.5	77	153
38282	288.5	132	20.8	83.5	108.5	76.75	154
38285	283.5	128	19.8	84	105	75.5	153
38286	282	129.5	20.4	81.25	104.5	77	151.5
38287	287.5	132	20.7	78.5	107	77.75	152.5
38288	289.5	131	20.8	80.75	109	79.25	153
38289	291.5	131.5	20.6	80.25	109.5	78.25	153.5
38292	293	132.5	21	81.25	110.5	79.5	154
38293	296.5	135	21.7	83	112	79.5	155
38294	303.5	134.5	21.9	84	112	79.75	156
38295	300.5	134	21.4	84.25	111	80.25	156
38296	303.5	135	21.5	84.75	114	80.5	158
38299	302	136.5	22	85.25	112.5	80.25	156
38300	305	138	21.6	86	113.5	81.25	158
38301	301	141.5	21.4	87	114.5	81	159
38302	301.5	142	21.6	88.5	116	81	158
38303	297.5	141.5	22.5	89	114.5	80	160
38306	298.5	140	22.7	88.75	114	78.5	158.5
38307	300	138.5	22.6	88	112.5	79	156.5
38308	303	147	23	87.5	115	79	159
38309	304	144.5	23.1	87.5	115.5	79.75	159
38310	273	145	22.8	87	113	79.75	159
38313	273	144	22.5	86.75	112.5	79.5	158.5
38314	275	144.5	22.7	86.5	110.5	78.75	160
38315	268	146	22.7	84.25	110.5	78	160.5
38316	266	145.5	22.7	85.5	110.5	79.25	163
38317	265.5	148	22.3	85.25	111	79	165
38320	267	148.5	22.4	85	110.5	79	163.5
38321	264.5	148	22.4	84.5	109.5	76.25	162.5
38322	271	147.5	22.7	83.5	110.5	77.75	166
38323	276	148	23	85.5	113	76.5	166
38324	269.5	146	22.6	87	109.5	75.5	165
38327	266.5	145.5	22.4	89.5	108	74.5	163
38328	270	145	22.8	95	109	75.5	165
38329	275	143	22.4	92.75	108.5	75.25	166
38330	276	142.5	21.5	93.75	106.5	75	164
38331	275	145	21.8	93.75	106.5	77.25	166
38334	269.5	145	21.6	92.5	104.5	78	168
38335	267.5	145.5	21.8	92	105	79	166.5
38336	265.5	145.5	21.4	90.75	105	79	166.5
38337	271	145	21.7	95	103.5	78.5	167.5
38338	248	144	21.2	95.75	101	79	167
38341	250	146	21.6	93.5	101.5	79.25	166.5
38342	247	152.5	21.3	93.5	104	78.75	168
38343	242.5	152.5	21.4	93.5	106	79	169.5
38344	241	153	20.9	97	106.5	79.5	173
38348	241.5	152.5	21	94	104.5	78.75	172
38349	241.5	151.5	21	94.5	105.5	78.25	170.5
38350	237.5	151.5	21.3	93.5	104.5	78	170.5
38351	241.5	152	21.2	93.25	104.5	77	172
38355	243	155.5	21.2	95	105	77.75	172
38356	245.5	154	21.9	97	106.5	77	171.5
38357	247	152	21.5	97.25	104.5	77	169.5
38359	251	151	21.2	97.75	106	77.75	170
38362	251.5	151	21.6	101	108	78	174
38363	249.5	151.5	21.2	100	105	77	170.5
38364	248.5	146.5	20.3	98.25	104	78.5	168
38365	247.5	143.5	20.4	98.5	103.5	81	168.5
38366	245	145.5	20.8	97.75	104.5	81	168.5
38369	244.5	146	21.4	99.25	105.5	82	167
38370	244.5	147	21.2	100.5	103.5	82.25	165.5
38371	246	145.5	21	99.75	102.5	83.25	168
38372	245	145	20.4	100.5	99.25	82.5	167.5
38373	244.5	146.5	20.3	99.5	97.75	82.75	165
38376	243.5	147	19.9	98.5	97.25	83	164
38377	247	151.5	20.2	101	98	84.75	166
38378	249.5	151.5	20.3	101.5	99.5	84.25	163.5
38379	261.5	151.5	20.7	102	105.5	84.25	162
38380	263.5	146	20.3	100.5	105.5	83.75	161.5
38383	263	149	20.5	100.5	107	84	165
38384	266.5	151	21.1	102	108	84	166
38385	271.5	150.5	21	103.5	109	85.25	166.5
38386	271	147.5	20.4	102.5	109	87.25	166
38387	274.5	147	20.5	102.5	110	86	166.5
38390	275.5	147	21.3	103.5	110	86	166.5
38391	277.5	148	21	103	111.5	84.5	167
38392	279	145.5	22	103.5	111	84.25	167.5
38393	278	146.5	20.2	103	111	84	168
38394	277	149	20.2	101	112	82.5	171
38397	275.5	146.5	20.4	101	112	82.75	170
38398	271.5	163.5	20.6	99.5	112	82.5	171.5
38399	273.5	163.5	20.4	98.25	110.5	82.75	168.5
38400	272.5	164.5	20.1	99	109.5	84	170
38401	274.5	163	19.8	96.75	110	83.25	169
38404	286	162.5	19.8	97.25	109.5	84	171
38405	286	165.5	20	97	111.5	83.75	166.5
38406	282	165.5	19.7	95.25	109.5	83	165
38407	278	165.5	19.6	96	109.5	82.25	165
38408	274.5	165	20.2	97.25	112	82	166
38411	270	164.5	20.2	97	111	81	166.5
38412	273.5	163.5	20.4	96.5	111.5	81	167
38413	275	169.5	20.8	96	111.5	81	166.5
38414	283.5	168.5	20.5	96.5	110	81	165
38415	283.5	170	20.8	96.75	110.5	80.5	165
38418	284	170.5	20.7	96.5	110.5	81	166
38419	280.5	167.5	20.3	95.25	111	81.5	166.5
38420	279	168.5	20.6	97.5	111	80.5	167
38421	281.5	167	20.3	97.75	110	80.25	167
38422	284	167.5	20.6	97.5	110	80.75	168
38425	283.5	166	20.5	95.5	111	82	167
38426	288.5	166	20.5	97.25	111.5	82.5	167
38427	282	162.5	19.8	96.75	110	82	166.5
38428	282.5	164	19.9	97	111.5	82.75	166
38429	280.5	163.5	19.9	97.75	111	82.25	165
38432	280.5	162	19.7	98.25	110	82.75	165
38433	279	165	19.9	97.5	110	83.75	165.5
38434	279	165.5	20.3	97.5	109	84	165
38435	281	166.5	20.1	97.75	107	85.25	165.5
38440	279	164.5	20	98	108.5	84.75	166
38441	276.5	163.5	20	98	109	85.5	164.5
38442	279.5	164.5	19.9	96	109.5	86.5	167
38443	282	165	20.2	97.25	111	88.25	167.5
38446	279.5	162.5	19.9	98.25	108.5	87.25	167
38447	289	163	20.1	101	109	87.75	168
38448	290	163.5	20.2	101	109	89	169.5
38449	289	163	20.2	102	111	88	171.5
38450	292.5	162	20.6	100.5	109.5	88.25	171
38453	292	165.5	20.7	101.5	109	90.25	170
38454	291.5	166	20.5	101.5	107.5	88.5	170.5
38455	297.5	162.5	20.9	101	108	87.5	172
38456	303.5	162	20.9	100.5	108	87	171.5
38457	309	160.5	20.2	100.5	105	87	172
38460	307	160	20.1	98.5	104	85.5	169
38461	307	158.5	20	99.75	106	85.25	167
38462	305.5	157	20.1	100	108	84	171
38463	304	149	20.8	99	113.5	86	171
38464	304	149	21.6	98.5	115	85.5	171.5
38467	304	148.5	21.4	100	115.5	86.25	171
38468	308	146	21.3	97	114	87.75	168
38469	306	142.5	20.9	95.5	112.5	85.5	160
38470	310	143.5	20.9	96.25	113.5	83.75	159.5
38471	310.5	143.5	20.9	96.25	113.5	84	158.5
38474	313	147.5	20.9	96.75	115	84	159
38475	316.5	148	21	96.5	114.5	84	158
38476	316	146.5	21.1	97	116	83	159
38478	319	146	21.9	96	121	84.25	161.5
38481	314.5	147	22	94.25	122.5	85.25	161
38482	311.5	145.5	21.7	93.75	121.5	86	160
38483	310	143.5	21.7	93.5	120.5	86.25	159
38484	310.5	145.5	22.4	94.75	122.5	87	160.5
38485	311	146	22.4	96.5	124.5	86.5	160
38488	312.5	149	22.5	95.25	125.5	86.5	160.5
38489	315	148	22.6	94.25	125	86.25	160
38490	316.5	150	22.8	96.5	127.5	86.75	161.5
38491	315	151.5	23	99.5	127.5	87.5	161.5
38492	312	159	23.1	97.5	127	86.75	161
38495	310.5	156.5	23.2	96.75	127	86.75	160.5
38496	308	158.5	23.2	98.25	127.5	86.5	159.5
38497	311	159	23	100.5	124.5	85.75	159.5
38498	314	160	23.2	98.75	126	86.5	160
38499	313.5	161.5	23.1	100	125.5	86.25	160.5
38502	315.5	161.5	23.3	99.75	126	86.25	160
38503	316.5	162.5	23.4	99	125	85.25	160
38504	318.5	161.5	23.4	100	127.5	85.25	161.5
38505	314.5	160.5	23.5	100.5	128	85.5	161
38506	314	161.5	23.5	100.5	128	86.25	160
38510	315	160	23.6	100.5	128	87.25	160.5
38511	314.5	158	23.7	101	128	87.25	160.5
38512	317	157.5	23.5	101	126.5	87.75	160.5
38513	319	158	23.9	103.5	128.5	87.75	160
38516	320	156	23.8	104	130	89	158.5
38517	317.5	160.5	24.3	105	131	89.5	159
38518	314.5	161	24.2	106	130.5	90	158
38519	313	163	24.2	104	131.5	89.75	158.5
38520	312	161.5	24.2	107	129.5	88.25	159
38523	317	160	24.8	104	129.5	88	158.5
38524	320	162	25.2	107	131.5	87.5	157
38525	321.5	163.5	25.4	106.5	133.5	88	156.5
38526	320.5	166	26.2	105.5	134.5	88.5	157
38530	314.5	165	25.2	102.5	131	87.75	156.5
38531	317.5	162.5	25.2	104	131	88.25	157
38532	321	165	25.4	104	133	88.75	158
38533	324.5	166.5	25.1	104.5	131	88.75	158
38534	324.5	166.5	25.5	105	132	89	158
38537	324.5	165.5	25.8	106.5	131.5	89.75	159
38538	325	165.5	25.6	107	132	89.5	159.5
38539	326	166	25.9	108	132.5	90.25	159.5
38540	322	163.5	25.4	106.5	130.5	89	158.5
38541	327	166	25.9	106.5	134	89.5	158.5
38544	329	168.5	26.5	107.5	137.5	90.5	159.5
38545	324	169.5	26.6	106.5	135.5	90.5	160
38546	324	168.5	26.8	109	137.5	90.5	162
38547	326.5	169	26.9	110.5	139	92	161.5
38548	327	169	26.6	111.5	138.5	92	161.5
38551	324.5	167	26.7	111.5	139	92.5	162.5
38552	319.5	175.5	26.7	114	141	92.25	163.5
38553	319.5	174	26.3	112.5	138.5	93.25	161
38554	320	176.5	27	116.5	124.5	95.25	161
38555	319	178.5	26.6	116	121.5	95	162.5
38558	321.5	174.5	26.7	116	119.5	95.5	163
38559	320	178	26.5	114.5	121.5	95.25	163
38560	322.5	175	26.8	113.5	123.5	96.25	165
38561	340	175	26.9	114	124.5	96	165.5
38562	351.5	174.5	26.6	112.5	123.5	97.25	166
38565	350.5	174	26.5	113	122	97.25	165.5
38566	351	173.5	26.7	113	123.5	97.5	168.5
38567	353	170	26.7	111.5	123.5	97.25	169.5
38568	351	172.5	26.3	111	122	97.25	168
38569	353	169	26.3	110	121	98.75	169.5
38572	352	171.5	26.2	108.5	122	98	170.5
38573	353	173.5	26.5	109.5	124.5	97.25	171
38574	352	176	27.4	109.5	125.5	96.75	173.5
38575	351	174.5	27.3	108.5	122.5	96.75	174
38576	354	174	27.3	109	122.5	96.25	172.5
38579	352	173.5	27.5	109.5	121.5	96	171.5
38580	359	172	27.4	110.5	121	95.75	171.5
38581	357	172	26.8	112.5	120	96	172
38582	356.5	170.5	26.7	112	120.5	95.5	172.5
38583	356	171	26.8	110	121	95.5	174
38586	355.5	172.5	26.7	112	121	96	175
38587	353	172.5	26.5	110	119.5	96.5	170.5
38588	348	168.5	26.2	106	119.5	96.25	167.5
38589	346	167	25.6	104.5	118	96	165
38590	340	165	25.7	104	117	95.25	163
38593	345	166	26	106	118	95.75	164
38594	346	166	25.7	106.5	118	95.5	162.5
38595	346.5	170	26.2	107.5	118.5	96	164
38596	351	168.5	26.2	108.5	118.5	96.5	164.5
38597	356	167.5	25.9	108.5	117.5	96.75	165.5
38600	356.5	166.5	26	109	119	97.25	166.5
38601	360	168.5	26.1	109.5	120	97.25	166
38602	365.5	170	26.3	112	120	97.25	165
38603	367	167.5	26.5	110	120	95	164.5
38604	366	169	27.3	113	122	94.25	165
38607	368.5	169	27.4	112.5	121.5	94.25	163.5
38608	367	170.5	27.3	114	126.5	94.5	163
38609	367.5	174.5	27.3	114	127	94.5	163.5
38610	366.5	175.5	27.2	112	127.5	95.75	164
38611	364.5	179.5	27.2	112	126.5	96.75	168.5
38614	367.5	179	27.3	115	126	96.25	168
38615	361	178	27.5	114.5	127	94.5	167.5
38616	356.5	177	27.2	112	125	93.75	166.5
38617	361	177	27.2	112	125.5	93.75	166
38618	364.5	178	27.2	112	126	93.5	164.5
38621	368.5	177	27.7	111.5	128	94.75	166.5
38622	370.5	177	27.8	113	127.5	94.5	171
38623	363	178	28.3	115	127.5	93	172
38624	363	179.5	28.3	115	126.5	92.5	171.5
38625	361	181.5	28.3	117	129.5	92.5	177
38628	365.5	183	28.8	117.5	132.5	94.25	178.5
38629	372.5	182.5	28.8	118.5	133	95	177.5
38630	379	180.5	28.4	116	132	94.5	175.5
38631	376	179.5	28	114	130	93.5	174
38632	375	178	28	113.5	128.5	93.75	175.5
38635	375.5	180.5	28	115	129.5	93.75	176
38636	372.5	179.5	27.9	115.5	131.5	94	176
38637	371	178.5	27.4	114.5	131	93.25	174.5
38638	370	177	27.1	114	131	92	172.5
38639	373	175	27.5	114	132	91.25	174.5
38642	369.5	176.5	27.3	113.5	133	90.75	174
38643	362	174	27	113	133.5	90.5	172.5
38644	367	171	26.5	112	133	91	169
38645	360.5	173	26.2	112	126	91	170
38646	366	173.5	26.1	111.5	127	91.75	169
38649	370	176	26.1	111.5	128.5	92.25	170.5
38650	364.5	182.5	26.3	112.5	128.5	89.75	170
38651	363	184	26	113	128	90.25	175
38652	352	181	25.5	112.5	127	89	175
38653	349	181.5	25.5	111	127	89	177
38656	357	185.5	26	112	132	90.5	180.5
38657	358	186	25.9	111	135.5	90	181
38658	362.5	187.5	26	112.5	136	90.25	181
38659	367	187.5	26.8	113.5	139	91	182
38660	365.5	187	27	85	138.5	91.5	181
38663	373.5	189.5	26.7	85.75	139	90.5	183
38664	367.5	187.5	26.5	86.25	138	90.25	184.5
38665	367	187.5	26.5	85.5	138.5	90.25	184
38666	363.5	187	26.6	85	138.5	91	184
38667	366.5	192	26.7	85	140.5	91.75	186.5
38670	369	190.5	26.8	83.75	141.5	92.75	187
38671	368.5	193	26.7	82.5	140.5	92.25	186
38672	365	191.5	26.9	82.75	139	92	185.5
38673	366.5	192.5	26.8	83.5	141	92.5	184
38674	367.5	192.5	27.2	83.25	141.5	92	184
38677	364.5	193.5	27.3	82.75	141.5	91.75	186
38678	362	193.5	26.8	82.5	140.5	91.75	183
38679	369.5	193	26.8	81.75	140.5	92.75	183
38680	367.5	192	26.7	81.5	140	92.25	183
38681	373	192	26.7	81.75	140.5	93.25	183.5
38684	369.5	190.5	26.8	81.25	139	93.25	184
38685	373.5	189	26.6	80.75	139.5	93.25	181
38686	374	188	26.4	79.75	138	92.5	180
38687	378.5	192.5	27	80	139	93.25	184.5
38688	379.5	191	27.2	82.25	139	94	185.5
38691	378	191	26.8	81.5	140.5	92.75	184
38692	374	195.5	27.8	81.75	140.5	91.25	186.5
38693	374	195.5	27.9	80.75	142.5	90.25	188
38694	377.5	197.5	27.8	81	146	91.5	189.5
38695	383	197	27.7	81.5	143	91.5	189
38698	380.5	199	27.4	81.5	144	90.5	191
38699	385.5	199.5	27.3	81.5	145.5	91.5	188
38700	384.5	200	27.1	81.5	145.5	92	187
38701	382.5	199.5	27	81.5	144.5	94	186
38702	385	202	27.5	83.25	146.5	93.25	187.5
38705	392	205	27.3	81.5	147.5	92.5	188.5
38706	389.5	204	27.1	81.75	146	92.75	191
38707	384.5	205	27.4	82.75	145.5	92.5	191.5
38708	385.5	205	27.3	83	147	92	192
38709	388	205.5	27.4	83.25	148.5	91.5	195.5
38713	389.5	208	27.5	84	149	92.5	198.5
38714	387	208	27.3	85	146.5	92.5	197.5
38715	390.5	208.5	27.4	86.5	147	94.5	197.5
38716	388.5	206.5	27.3	86.5	144.5	93.5	196.5
38719	390	209	27.5	85.75	146.5	93.75	197
38720	390	209.5	27.7	86.5	145	94.25	196.5
38721	394.5	208.5	27.8	87	147.5	96.5	196
38722	394	209	27.6	85.75	148.5	95.75	196
38726	392	209	28.5	83	150.5	95.5	195
38727	389	206.5	28.4	82.25	149	94.5	191.5
38728	388	205	28.4	82	146.5	94.75	193
38729	389.5	207.5	27.6	82.75	145.5	94.5	192
38730	384	204.5	27.2	82.5	144.5	97	192
38733	386	206	27.3	84.25	145	98	192.5
38734	381.5	202	26.9	84.75	143.5	96.25	191
38735	364	200.5	26.4	84.75	142	95.5	186.5
38736	363	197.5	26.6	85.75	143.5	96.25	185
38737	361.5	193.5	26.1	84.5	140	95	184.5
38740	356.5	196.5	26.2	85.75	138.5	95	185.5
38741	352.5	196	25.8	85	138	94.75	184
38742	361	198.5	26.1	85.5	140.5	96.5	183.5
38743	362	199.5	26.6	90.75	138	95	183
38744	368.5	204.5	26.9	88.5	138.5	94.25	186
38747	366	205	27.2	89.5	138	95	186
38748	369.5	203	27.4	89	139	95.75	188
38749	372	210	27.7	88.75	141	96.25	191
38750	360.5	211	27.6	90	141	96	187.5
38751	361	210	27.4	91.25	140	97.5	188.5
38754	363	210	27.4	90.5	139.5	98.5	190
38755	365	209	26.9	86.5	137.5	97.25	190
38756	358.5	205.5	26.6	83	139	97.5	194
38757	361	209	26.7	82.25	140.5	99.5	197
38758	359.5	207.5	26.5	83	139.5	100.5	196.5
38761	358.5	209	26.8	84.5	140	99.5	195.5
38762	357.5	217	27.1	84.25	143.5	99	196
38763	356.5	215	27.4	84	146	103	193
38764	356.5	218	27.8	84.25	149	103	191.5
38765	353.5	217	27.3	83.75	148	104.5	193
38768	352.5	218	27.3	83	147.5	106.5	192.5
38769	359.5	219.5	27.4	81.5	148	104.5	203
38770	364	219.5	27.5	81.25	148.5	107	206.5
38771	364	217.5	27.3	79.75	149.5	107	207.5
38772	365.5	217.5	27.4	82	149.5	107.5	212
38775	371	220	27.6	83.75	149.5	107.5	211
38776	366	219	27	81.5	148.5	106	206.5
38777	368.5	220	27.3	83	149	105.5	210
38778	363.5	221.5	27.3	79	150.5	106.5	208.5
38779	363.5	222	27.4	81.25	149	106.5	210
38782	366	222.5	27.5	82.5	150	109	211
38783	365	221.5	27.5	82.5	152.5	108	205
38784	374	217.5	27.2	82.75	155	106.5	203.5
38785	387.5	219.5	27.3	82.75	157.5	108.5	203.5
38786	390.5	219.5	26.9	81.5	157.5	107.5	205
38789	400.5	220.5	27	82.5	159	106	208.5
38790	397.5	220	27.2	82.5	159.5	106	206.5
38791	392	217.5	27.6	84	158.5	108	210
38792	392	217	28.2	83.5	158.5	107.5	207.5
38793	391.5	216.5	28.5	84.75	157.5	107.5	208
38796	387.5	218	29.6	85.25	159	108.5	208
38797	391	216	29.9	85.5	160	108	210
38798	396	219.5	30.3	88.5	158.5	109	211
38799	396	221	30.4	89.25	159	109.5	211
38800	403.5	222	30.5	89.75	158.5	108	212
38803	395	221.5	29.8	90.25	159	106	212
38804	395	218.5	29.7	93	157.5	107	213
38805	397.5	220	29.8	92.75	157	108.5	216.5
38806	395.5	224	30.5	92.25	165	108	218
38807	392	223.5	29.6	93.5	161	106.5	216
38810	393	226	29.8	109.5	161.5	107.5	218
38811	389	223	29.2	110	158.5	108.5	221.5
38812	391.5	223	29.3	112	159.5	109.5	221.5
38813	390	220.5	29.1	112.5	159.5	109.5	221
38814	395	224	29.1	112.5	159.5	107.5	220
38817	394.5	224.5	29.3	113	158.5	107	221
38818	391	223.5	28.5	113	164	106.5	220.5
38819	394.5	224.5	29.3	112	162.5	107.5	220.5
38820	396.5	224.5	29.5	110.5	162.5	107	221
38825	394	223	29.3	111	161.5	108	222
38826	396.5	225	28.8	111	162.5	113	229
38827	402	229.5	28.7	112	170.5	111.5	230.5
38828	408	230	26.6	112	174	109.5	232
38831	402.5	223.5	26.3	111.5	171	110.5	224
38832	403	218.5	26.7	111	170.5	114	222
38833	400	219.5	26.9	110.5	172	113.5	217.5
38834	410.5	222.5	26.4	111	171	113	210.5
38835	407	220.5	26.2	110.5	168	110.5	212
38839	409	220.5	26.1	110	169	112.5	212.5
38840	404.5	221	25.9	109	167.5	114	210.5
38841	401	222	25.9	109	168	114	214
38842	398.5	227	26.4	109	167.5	112	214
38845	399	227.5	26.2	108	168.5	111.5	213
38846	402	227.5	26.1	108.5	168.5	110.5	212
38847	400	223	24.8	104.5	166.5	113.5	213
38848	398	220.5	25.4	107.5	161	115	214
38849	392.5	216	24.5	107	156.5	114.5	209.5
38852	393	211	24.1	110	159	117	207.5
38853	400.5	212.5	24.7	110	160.5	116	205.5
38854	392.5	197.5	23.4	110	156	113	196
38855	388.5	198	23.2	109.5	153	110	196.5
38856	387	199	22.8	110	154	109.5	197.5
38859	376.5	193	22.4	110	149.5	105.5	189.5
38860	386	197.5	23.3	111.5	156.5	106.5	199
38861	379	191	22.8	112	153.5	107	190
38863	386	199	23.7	113.5	159.5	113	197
38866	386	200	24.1	113.5	159	113	200
38867	376.5	194.5	23.1	110.5	154	112.5	195.5
38868	382	200.5	23.1	113	154.5	114	196
38869	385.5	200.5	23.2	113	158.5	115	197.5
